Species	gtdb_taxonomy	genus	sp	accession	gtdb_type_species_of_genus	Oxygen tolerance raw	Oxygen tolerance
Bacillus thermoamylovorans	d__Bacteria;p__Firmicutes;c__Bacilli;o__Bacillales_B;f__Caldibacillaceae;g__Bacillus_J;s__Bacillus_J thermoamylovorans	g__Bacillus_J	s__Bacillus_J thermoamylovorans	RS_GCF_000751775.1	f	aerobe,anaerobe	
Clostridium tertium	d__Bacteria;p__Firmicutes_A;c__Clostridia;o__Clostridiales;f__Clostridiaceae;g__Clostridium;s__Clostridium tertium	g__Clostridium	s__Clostridium tertium	RS_GCF_900217175.1	f	aerobe,anaerobe,aerotolerant,microaerophile	
Clostridium hydrogeniformans	d__Bacteria;p__Firmicutes_A;c__Clostridia;o__Clostridiales;f__Clostridiaceae;g__Clostridium_Z;s__Clostridium_Z hydrogeniformans	g__Clostridium_Z	s__Clostridium_Z hydrogeniformans	RS_GCF_000686705.1	f	anaerobe,facultative anaerobe	
Clostridium cavendishii	d__Bacteria;p__Firmicutes_A;c__Clostridia;o__Clostridiales;f__Clostridiaceae;g__Clostridium_AG;s__Clostridium_AG cavendishii	g__Clostridium_AG	s__Clostridium_AG cavendishii	RS_GCF_900141845.1	f	anaerobe,facultative anaerobe	
Helcococcus sueciensis	d__Bacteria;p__Firmicutes_A;c__Clostridia;o__Tissierellales;f__Peptoniphilaceae;g__Helcococcus;s__Helcococcus sueciensis	g__Helcococcus	s__Helcococcus sueciensis	RS_GCF_000423145.1	f	anaerobe,facultative anaerobe,microaerophile	
Helcococcus ovis	d__Bacteria;p__Firmicutes_A;c__Clostridia;o__Tissierellales;f__Peptoniphilaceae;g__Helcococcus;s__Helcococcus ovis	g__Helcococcus	s__Helcococcus ovis	RS_GCF_004524775.1	f	anaerobe,microaerophile	
Caballeronia telluris	d__Bacteria;p__Proteobacteria;c__Gammaproteobacteria;o__Burkholderiales;f__Burkholderiaceae;g__Caballeronia;s__Caballeronia telluris	g__Caballeronia	s__Caballeronia telluris	RS_GCF_001544495.1	f	aerobe,anaerobe	
Caballeronia humi	d__Bacteria;p__Proteobacteria;c__Gammaproteobacteria;o__Burkholderiales;f__Burkholderiaceae;g__Caballeronia;s__Caballeronia humi	g__Caballeronia	s__Caballeronia humi	RS_GCF_001544475.1	f	aerobe,anaerobe	
Caballeronia terrestris	d__Bacteria;p__Proteobacteria;c__Gammaproteobacteria;o__Burkholderiales;f__Burkholderiaceae;g__Caballeronia;s__Caballeronia terrestris	g__Caballeronia	s__Caballeronia terrestris	RS_GCF_001544515.1	f	aerobe,anaerobe	
Virgibacillus profundi	d__Bacteria;p__Firmicutes;c__Bacilli;o__Bacillales_D;f__Amphibacillaceae;g__Virgibacillus_G;s__Virgibacillus_G profundi	g__Virgibacillus_G	s__Virgibacillus_G profundi	RS_GCF_002287375.1	f	aerobe,anaerobe	
Virgibacillus indicus	d__Bacteria;p__Firmicutes;c__Bacilli;o__Bacillales_D;f__Amphibacillaceae;g__Virgibacillus_G;s__Virgibacillus_G indicus	g__Virgibacillus_G	s__Virgibacillus_G indicus	RS_GCF_002266285.1	f	aerobe,anaerobe	
Boudabousia marimammalium	d__Bacteria;p__Actinobacteriota;c__Actinomycetia;o__Actinomycetales;f__Actinomycetaceae;g__Boudabousia;s__Boudabousia marimammalium	g__Boudabousia	s__Boudabousia marimammalium	RS_GCF_001936115.1	t	aerobe,anaerobe,facultative anaerobe,microaerophile	
Sulfurospirillum cavolei	d__Bacteria;p__Campylobacterota;c__Campylobacteria;o__Campylobacterales;f__Sulfurospirillaceae;g__Sulfurospirillum;s__Sulfurospirillum cavolei	g__Sulfurospirillum	s__Sulfurospirillum cavolei	RS_GCF_001548055.1	f	anaerobe,facultative anaerobe	
Streptobacillus moniliformis	d__Bacteria;p__Fusobacteriota;c__Fusobacteriia;o__Fusobacteriales;f__Leptotrichiaceae;g__Streptobacillus;s__Streptobacillus moniliformis	g__Streptobacillus	s__Streptobacillus moniliformis	RS_GCF_000024565.1	t	anaerobe,microaerophile	
Haemophilus influenzae	d__Bacteria;p__Proteobacteria;c__Gammaproteobacteria;o__Enterobacterales;f__Pasteurellaceae;g__Haemophilus;s__Haemophilus influenzae	g__Haemophilus	s__Haemophilus influenzae	RS_GCF_001457655.1	t	anaerobe,microaerophile	
Haemophilus parainfluenzae	d__Bacteria;p__Proteobacteria;c__Gammaproteobacteria;o__Enterobacterales;f__Pasteurellaceae;g__Haemophilus_D;s__Haemophilus_D parainfluenzae	g__Haemophilus_D	s__Haemophilus_D parainfluenzae	RS_GCF_000191405.1	f	aerobe,anaerobe,microaerophile	
Lactobacillus jensenii	d__Bacteria;p__Firmicutes;c__Bacilli;o__Lactobacillales;f__Lactobacillaceae;g__Lactobacillus;s__Lactobacillus jensenii	g__Lactobacillus	s__Lactobacillus jensenii	RS_GCF_001436455.1	f	anaerobe,microaerophile	
Lactobacillus gasseri	d__Bacteria;p__Firmicutes;c__Bacilli;o__Lactobacillales;f__Lactobacillaceae;g__Lactobacillus;s__Lactobacillus gasseri	g__Lactobacillus	s__Lactobacillus gasseri	RS_GCF_000014425.1	f	anaerobe,microaerophile	
Lactobacillus johnsonii	d__Bacteria;p__Firmicutes;c__Bacilli;o__Lactobacillales;f__Lactobacillaceae;g__Lactobacillus;s__Lactobacillus johnsonii	g__Lactobacillus	s__Lactobacillus johnsonii	RS_GCF_000159355.1	f	anaerobe,microaerophile	
Lactobacillus crispatus	d__Bacteria;p__Firmicutes;c__Bacilli;o__Lactobacillales;f__Lactobacillaceae;g__Lactobacillus;s__Lactobacillus crispatus	g__Lactobacillus	s__Lactobacillus crispatus	RS_GCF_002088015.1	f	anaerobe,microaerophile	
Lactobacillus acidophilus	d__Bacteria;p__Firmicutes;c__Bacilli;o__Lactobacillales;f__Lactobacillaceae;g__Lactobacillus;s__Lactobacillus acidophilus	g__Lactobacillus	s__Lactobacillus acidophilus	RS_GCF_001591845.1	f	anaerobe,microaerophile	
Lactobacillus helveticus	d__Bacteria;p__Firmicutes;c__Bacilli;o__Lactobacillales;f__Lactobacillaceae;g__Lactobacillus;s__Lactobacillus helveticus	g__Lactobacillus	s__Lactobacillus helveticus	RS_GCF_000160855.1	f	anaerobe,microaerophile	
Lactobacillus iners	d__Bacteria;p__Firmicutes;c__Bacilli;o__Lactobacillales;f__Lactobacillaceae;g__Lactobacillus;s__Lactobacillus iners	g__Lactobacillus	s__Lactobacillus iners	RS_GCF_000160875.1	f	anaerobe,facultative anaerobe,microaerophile	
Lactobacillus apis	d__Bacteria;p__Firmicutes;c__Bacilli;o__Lactobacillales;f__Lactobacillaceae;g__Lactobacillus;s__Lactobacillus apis	g__Lactobacillus	s__Lactobacillus apis	RS_GCF_002837055.1	f	anaerobe,microaerophile	
Lactobacillus delbrueckii	d__Bacteria;p__Firmicutes;c__Bacilli;o__Lactobacillales;f__Lactobacillaceae;g__Lactobacillus;s__Lactobacillus delbrueckii	g__Lactobacillus	s__Lactobacillus delbrueckii	RS_GCF_001433875.1	t	anaerobe,microaerophile	
Lactobacillus bombicola	d__Bacteria;p__Firmicutes;c__Bacilli;o__Lactobacillales;f__Lactobacillaceae;g__Lactobacillus;s__Lactobacillus bombicola	g__Lactobacillus	s__Lactobacillus bombicola	RS_GCF_900112665.1	f	anaerobe,microaerophile	
Lactobacillus taiwanensis	d__Bacteria;p__Firmicutes;c__Bacilli;o__Lactobacillales;f__Lactobacillaceae;g__Lactobacillus;s__Lactobacillus taiwanensis	g__Lactobacillus	s__Lactobacillus taiwanensis	RS_GCF_001436695.1	f	anaerobe,microaerophile	
Lactobacillus equicursoris	d__Bacteria;p__Firmicutes;c__Bacilli;o__Lactobacillales;f__Lactobacillaceae;g__Lactobacillus;s__Lactobacillus equicursoris	g__Lactobacillus	s__Lactobacillus equicursoris	GB_GCA_001311765.1	f	anaerobe,microaerophile	
Lactobacillus kefiranofaciens	d__Bacteria;p__Firmicutes;c__Bacilli;o__Lactobacillales;f__Lactobacillaceae;g__Lactobacillus;s__Lactobacillus kefiranofaciens	g__Lactobacillus	s__Lactobacillus kefiranofaciens	RS_GCF_900103655.1	f	anaerobe,microaerophile	
Lactobacillus amylovorus	d__Bacteria;p__Firmicutes;c__Bacilli;o__Lactobacillales;f__Lactobacillaceae;g__Lactobacillus;s__Lactobacillus amylovorus	g__Lactobacillus	s__Lactobacillus amylovorus	RS_GCF_002706375.1	f	anaerobe,facultative anaerobe,microaerophile	
Enterobacter mori	d__Bacteria;p__Proteobacteria;c__Gammaproteobacteria;o__Enterobacterales;f__Enterobacteriaceae;g__Enterobacter;s__Enterobacter mori	g__Enterobacter	s__Enterobacter mori	RS_GCF_000211415.1	f	aerobe,anaerobe	
Castellaniella defragrans	d__Bacteria;p__Proteobacteria;c__Gammaproteobacteria;o__Burkholderiales;f__Burkholderiaceae;g__Castellaniella;s__Castellaniella defragrans	g__Castellaniella	s__Castellaniella defragrans	RS_GCF_014203015.1	t	aerobe,anaerobe	
Desulfovibrio psychrotolerans	d__Bacteria;p__Desulfobacterota;c__Desulfovibrionia;o__Desulfovibrionales;f__Desulfovibrionaceae;g__Halodesulfovibrio;s__Halodesulfovibrio psychrotolerans	g__Halodesulfovibrio	s__Halodesulfovibrio psychrotolerans	RS_GCF_013340305.1	f	anaerobe,aerotolerant	
Rhodobacter capsulatus	d__Bacteria;p__Proteobacteria;c__Alphaproteobacteria;o__Rhodobacterales;f__Rhodobacteraceae;g__Rhodobacter;s__Rhodobacter capsulatus	g__Rhodobacter	s__Rhodobacter capsulatus	RS_GCF_003254295.1	t	aerobe,anaerobe	
Rhodobacter aestuarii	d__Bacteria;p__Proteobacteria;c__Alphaproteobacteria;o__Rhodobacterales;f__Rhodobacteraceae;g__Rhodobacter;s__Rhodobacter aestuarii	g__Rhodobacter	s__Rhodobacter aestuarii	RS_GCF_900156655.1	f	aerobe,anaerobe	
Winkia neuii	d__Bacteria;p__Actinobacteriota;c__Actinomycetia;o__Actinomycetales;f__Actinomycetaceae;g__Winkia;s__Winkia neuii	g__Winkia	s__Winkia neuii	RS_GCF_000420405.1	t	anaerobe,facultative anaerobe,microaerophile	
Staphylococcus epidermidis	d__Bacteria;p__Firmicutes;c__Bacilli;o__Staphylococcales;f__Staphylococcaceae;g__Staphylococcus;s__Staphylococcus epidermidis	g__Staphylococcus	s__Staphylococcus epidermidis	RS_GCF_006742205.1	f	aerobe,anaerobe,microaerophile	
Staphylococcus aureus	d__Bacteria;p__Firmicutes;c__Bacilli;o__Staphylococcales;f__Staphylococcaceae;g__Staphylococcus;s__Staphylococcus aureus	g__Staphylococcus	s__Staphylococcus aureus	RS_GCF_001027105.1	t	aerobe,anaerobe,microaerophile	
Staphylococcus saccharolyticus	d__Bacteria;p__Firmicutes;c__Bacilli;o__Staphylococcales;f__Staphylococcaceae;g__Staphylococcus;s__Staphylococcus saccharolyticus	g__Staphylococcus	s__Staphylococcus saccharolyticus	RS_GCF_900458815.1	f	anaerobe,microaerophile	
Staphylococcus simiae	d__Bacteria;p__Firmicutes;c__Bacilli;o__Staphylococcales;f__Staphylococcaceae;g__Staphylococcus;s__Staphylococcus simiae	g__Staphylococcus	s__Staphylococcus simiae	RS_GCF_002902085.1	f	aerobe,anaerobe	
Actinomyces oris	d__Bacteria;p__Actinobacteriota;c__Actinomycetia;o__Actinomycetales;f__Actinomycetaceae;g__Actinomyces;s__Actinomyces oris	g__Actinomyces	s__Actinomyces oris	RS_GCF_006546825.1	f	anaerobe,microaerophile	
Actinomyces naeslundii	d__Bacteria;p__Actinobacteriota;c__Actinomycetia;o__Actinomycetales;f__Actinomycetaceae;g__Actinomyces;s__Actinomyces naeslundii	g__Actinomyces	s__Actinomyces naeslundii	RS_GCF_001956585.1	f	anaerobe,microaerophile	
Actinomyces viscosus	d__Bacteria;p__Actinobacteriota;c__Actinomycetia;o__Actinomycetales;f__Actinomycetaceae;g__Actinomyces;s__Actinomyces viscosus	g__Actinomyces	s__Actinomyces viscosus	RS_GCF_900637975.1	f	aerobe,anaerobe,aerotolerant,microaerophile	
Actinomyces denticolens	d__Bacteria;p__Actinobacteriota;c__Actinomycetia;o__Actinomycetales;f__Actinomycetaceae;g__Actinomyces;s__Actinomyces denticolens	g__Actinomyces	s__Actinomyces denticolens	RS_GCF_002072185.1	f	anaerobe,microaerophile	
Actinomyces howellii	d__Bacteria;p__Actinobacteriota;c__Actinomycetia;o__Actinomycetales;f__Actinomycetaceae;g__Actinomyces;s__Actinomyces howellii	g__Actinomyces	s__Actinomyces howellii	RS_GCF_900637165.1	f	anaerobe,microaerophile	
Actinomyces graevenitzii	d__Bacteria;p__Actinobacteriota;c__Actinomycetia;o__Actinomycetales;f__Actinomycetaceae;g__Actinomyces;s__Actinomyces graevenitzii	g__Actinomyces	s__Actinomyces graevenitzii	RS_GCF_000239695.1	f	anaerobe,facultative anaerobe,microaerophile	
Actinomyces israelii	d__Bacteria;p__Actinobacteriota;c__Actinomycetia;o__Actinomycetales;f__Actinomycetaceae;g__Actinomyces;s__Actinomyces israelii	g__Actinomyces	s__Actinomyces israelii	RS_GCF_000711965.1	f	anaerobe,microaerophile	
Actinomyces urogenitalis	d__Bacteria;p__Actinobacteriota;c__Actinomycetia;o__Actinomycetales;f__Actinomycetaceae;g__Actinomyces;s__Actinomyces urogenitalis	g__Actinomyces	s__Actinomyces urogenitalis	RS_GCF_000159035.1	f	anaerobe,facultative anaerobe,microaerophile	
Actinomyces radicidentis	d__Bacteria;p__Actinobacteriota;c__Actinomycetia;o__Actinomycetales;f__Actinomycetaceae;g__Actinomyces;s__Actinomyces radicidentis	g__Actinomyces	s__Actinomyces radicidentis	RS_GCF_001553565.1	f	anaerobe,microaerophile	
Actinomyces gerencseriae	d__Bacteria;p__Actinobacteriota;c__Actinomycetia;o__Actinomycetales;f__Actinomycetaceae;g__Actinomyces;s__Actinomyces gerencseriae	g__Actinomyces	s__Actinomyces gerencseriae	RS_GCF_000429265.1	f	anaerobe,microaerophile	
Actinomyces timonensis	d__Bacteria;p__Actinobacteriota;c__Actinomycetia;o__Actinomycetales;f__Actinomycetaceae;g__Actinomyces;s__Actinomyces timonensis	g__Actinomyces	s__Actinomyces timonensis	RS_GCF_000295095.1	f	anaerobe,microaerophile	
Actinomyces massiliensis	d__Bacteria;p__Actinobacteriota;c__Actinomycetia;o__Actinomycetales;f__Actinomycetaceae;g__Actinomyces;s__Actinomyces massiliensis	g__Actinomyces	s__Actinomyces massiliensis	RS_GCF_000269805.1	f	anaerobe,microaerophile	
Actinomyces oricola	d__Bacteria;p__Actinobacteriota;c__Actinomycetia;o__Actinomycetales;f__Actinomycetaceae;g__Actinomyces;s__Actinomyces oricola	g__Actinomyces	s__Actinomyces oricola	RS_GCF_004104015.1	f	anaerobe,facultative anaerobe	
Weissella thailandensis	d__Bacteria;p__Firmicutes;c__Bacilli;o__Lactobacillales;f__Lactobacillaceae;g__Weissella;s__Weissella thailandensis	g__Weissella	s__Weissella thailandensis	RS_GCF_005405465.1	f	aerobe,anaerobe,microaerophile	
Weissella soli	d__Bacteria;p__Firmicutes;c__Bacilli;o__Lactobacillales;f__Lactobacillaceae;g__Weissella;s__Weissella soli	g__Weissella	s__Weissella soli	RS_GCF_001761545.1	f	anaerobe,microaerophile	
Weissella kandleri	d__Bacteria;p__Firmicutes;c__Bacilli;o__Lactobacillales;f__Lactobacillaceae;g__Weissella;s__Weissella kandleri	g__Weissella	s__Weissella kandleri	RS_GCF_001438705.1	f	anaerobe,microaerophile	
Weissella halotolerans	d__Bacteria;p__Firmicutes;c__Bacilli;o__Lactobacillales;f__Lactobacillaceae;g__Weissella;s__Weissella halotolerans	g__Weissella	s__Weissella halotolerans	RS_GCF_000420365.1	f	anaerobe,microaerophile	
Allofrancisella guangzhouensis	d__Bacteria;p__Proteobacteria;c__Gammaproteobacteria;o__Francisellales;f__Francisellaceae;g__Allofrancisella;s__Allofrancisella guangzhouensis	g__Allofrancisella	s__Allofrancisella guangzhouensis	RS_GCF_000815225.1	f	anaerobe,microaerophile	
Pseudomonas stutzeri	d__Bacteria;p__Proteobacteria;c__Gammaproteobacteria;o__Enterobacterales;f__Pasteurellaceae;g__Rodentibacter;s__Rodentibacter sp901420285	g__Rodentibacter	s__Rodentibacter sp901420285	GB_GCA_901420285.1	f	aerobe,anaerobe,microaerophile	
Enterococcus faecalis	d__Bacteria;p__Firmicutes;c__Bacilli;o__Lactobacillales;f__Enterococcaceae;g__Enterococcus;s__Enterococcus faecalis	g__Enterococcus	s__Enterococcus faecalis	RS_GCF_000392875.1	t	aerobe,anaerobe,microaerophile	
Enterococcus caccae	d__Bacteria;p__Firmicutes;c__Bacilli;o__Lactobacillales;f__Enterococcaceae;g__Enterococcus;s__Enterococcus caccae	g__Enterococcus	s__Enterococcus caccae	RS_GCF_000407145.1	f	aerobe,anaerobe,microaerophile	
Enterococcus hermanniensis	d__Bacteria;p__Firmicutes;c__Bacilli;o__Lactobacillales;f__Enterococcaceae;g__Enterococcus_A;s__Enterococcus_A hermanniensis	g__Enterococcus_A	s__Enterococcus_A hermanniensis	RS_GCF_001885945.1	f	anaerobe,microaerophile	
Enterococcus canis	d__Bacteria;p__Firmicutes;c__Bacilli;o__Lactobacillales;f__Enterococcaceae;g__Enterococcus_H;s__Enterococcus_H canis	g__Enterococcus_H	s__Enterococcus_H canis	RS_GCF_001544375.1	f	aerobe,anaerobe,microaerophile	
Enterococcus cecorum	d__Bacteria;p__Firmicutes;c__Bacilli;o__Lactobacillales;f__Enterococcaceae;g__Enterococcus_E;s__Enterococcus_E cecorum	g__Enterococcus_E	s__Enterococcus_E cecorum	RS_GCF_000407565.1	f	anaerobe,microaerophile	
Enterococcus faecium	d__Bacteria;p__Firmicutes;c__Bacilli;o__Lactobacillales;f__Enterococcaceae;g__Enterococcus_B;s__Enterococcus_B faecium	g__Enterococcus_B	s__Enterococcus_B faecium	RS_GCF_001544255.1	f	aerobe,anaerobe,microaerophile	
Enterococcus diestrammenae	d__Bacteria;p__Firmicutes;c__Bacilli;o__Lactobacillales;f__Enterococcaceae;g__Enterococcus_C;s__Enterococcus_C diestrammenae	g__Enterococcus_C	s__Enterococcus_C diestrammenae	RS_GCF_009933255.1	f	anaerobe,facultative anaerobe	
Steroidobacter denitrificans	d__Bacteria;p__Proteobacteria;c__Gammaproteobacteria;o__Steroidobacterales;f__Steroidobacteraceae;g__Steroidobacter;s__Steroidobacter denitrificans	g__Steroidobacter	s__Steroidobacter denitrificans	RS_GCF_001579945.1	t	aerobe,anaerobe	
Arsenicicoccus bolidensis	d__Bacteria;p__Actinobacteriota;c__Actinomycetia;o__Actinomycetales;f__Dermatophilaceae;g__Arsenicicoccus;s__Arsenicicoccus bolidensis	g__Arsenicicoccus	s__Arsenicicoccus bolidensis	RS_GCF_000426385.1	t	aerobe,anaerobe,facultative anaerobe	
Selenomonas flueggei	d__Bacteria;p__Firmicutes_C;c__Negativicutes;o__Selenomonadales;f__Selenomonadaceae;g__Centipeda;s__Centipeda flueggei	g__Centipeda	s__Centipeda flueggei	RS_GCF_000160695.1	f	anaerobe,microaerophile	
Aggregatibacter aphrophilus	d__Bacteria;p__Proteobacteria;c__Gammaproteobacteria;o__Enterobacterales;f__Pasteurellaceae;g__Aggregatibacter;s__Aggregatibacter aphrophilus	g__Aggregatibacter	s__Aggregatibacter aphrophilus	RS_GCF_900636915.1	f	anaerobe,microaerophile	
Aggregatibacter actinomycetemcomitans	d__Bacteria;p__Proteobacteria;c__Gammaproteobacteria;o__Enterobacterales;f__Pasteurellaceae;g__Aggregatibacter;s__Aggregatibacter actinomycetemcomitans	g__Aggregatibacter	s__Aggregatibacter actinomycetemcomitans	RS_GCF_000372365.1	t	anaerobe,microaerophile	
Buchananella hordeovulneris	d__Bacteria;p__Actinobacteriota;c__Actinomycetia;o__Actinomycetales;f__Actinomycetaceae;g__Buchananella;s__Buchananella hordeovulneris	g__Buchananella	s__Buchananella hordeovulneris	RS_GCF_001907235.1	t	anaerobe,microaerophile	
Dermatophilus congolensis	d__Bacteria;p__Actinobacteriota;c__Actinomycetia;o__Actinomycetales;f__Dermatophilaceae;g__Dermatophilus;s__Dermatophilus congolensis	g__Dermatophilus	s__Dermatophilus congolensis	RS_GCF_900187045.1	t	aerobe,anaerobe,microaerophile	
Tolumonas auensis	d__Bacteria;p__Proteobacteria;c__Gammaproteobacteria;o__Enterobacterales;f__Aeromonadaceae;g__Tolumonas;s__Tolumonas auensis	g__Tolumonas	s__Tolumonas auensis	RS_GCF_000023065.1	t	aerobe,anaerobe	
Apibacter mensalis	d__Bacteria;p__Bacteroidota;c__Bacteroidia;o__Flavobacteriales;f__Weeksellaceae;g__Apibacter;s__Apibacter mensalis	g__Apibacter	s__Apibacter mensalis	RS_GCF_001418685.1	f	anaerobe,microaerotolerant	
Spirochaeta cellobiosiphila	d__Bacteria;p__Spirochaetota;c__Spirochaetia;o__Spirochaetales_E;f__Spirochaetaceae_B;g__Spirochaeta_E;s__Spirochaeta_E cellobiosiphila	g__Spirochaeta_E	s__Spirochaeta_E cellobiosiphila	RS_GCF_000426705.1	f	anaerobe,facultative anaerobe	
Thiobacillus denitrificans	d__Bacteria;p__Proteobacteria;c__Gammaproteobacteria;o__Burkholderiales;f__Thiobacillaceae;g__Thiobacillus;s__Thiobacillus denitrificans	g__Thiobacillus	s__Thiobacillus denitrificans	RS_GCF_000376425.1	f	anaerobe,facultative anaerobe	
Tepidibacter mesophilus	d__Bacteria;p__Firmicutes_A;c__Clostridia;o__Peptostreptococcales;f__Peptostreptococcaceae;g__Tepidibacter_A;s__Tepidibacter_A mesophilus	g__Tepidibacter_A	s__Tepidibacter_A mesophilus	RS_GCF_002724055.1	f	anaerobe,facultative anaerobe	
Citrobacter sedlakii	d__Bacteria;p__Proteobacteria;c__Gammaproteobacteria;o__Enterobacterales;f__Enterobacteriaceae;g__Citrobacter_A;s__Citrobacter_A sedlakii	g__Citrobacter_A	s__Citrobacter_A sedlakii	RS_GCF_000759835.1	f	aerobe,anaerobe	
Helicobacter suis	d__Bacteria;p__Campylobacterota;c__Campylobacteria;o__Campylobacterales;f__Helicobacteraceae;g__Helicobacter_E;s__Helicobacter_E suis	g__Helicobacter_E	s__Helicobacter_E suis	RS_GCF_000187625.1	f	anaerobe,microaerophile	
Helicobacter marmotae	d__Bacteria;p__Campylobacterota;c__Campylobacteria;o__Campylobacterales;f__Helicobacteraceae;g__Helicobacter_C;s__Helicobacter_C marmotae	g__Helicobacter_C	s__Helicobacter_C marmotae	RS_GCF_003364255.1	f	anaerobe,microaerophile	
Cereibacter changlensis	d__Bacteria;p__Proteobacteria;c__Alphaproteobacteria;o__Rhodobacterales;f__Rhodobacteraceae;g__Cereibacter;s__Cereibacter changlensis	g__Cereibacter	s__Cereibacter changlensis	RS_GCF_003034985.1	t	aerobe,anaerobe,facultative anaerobe	
Leuconostoc lactis	d__Bacteria;p__Firmicutes;c__Bacilli;o__Lactobacillales;f__Lactobacillaceae;g__Leuconostoc;s__Leuconostoc lactis	g__Leuconostoc	s__Leuconostoc lactis	GB_GCA_014651235.1	f	anaerobe,microaerophile	
Leuconostoc mesenteroides	d__Bacteria;p__Firmicutes;c__Bacilli;o__Lactobacillales;f__Lactobacillaceae;g__Leuconostoc;s__Leuconostoc mesenteroides	g__Leuconostoc	s__Leuconostoc mesenteroides	RS_GCF_000014445.1	t	anaerobe,microaerophile	
Leuconostoc pseudomesenteroides	d__Bacteria;p__Firmicutes;c__Bacilli;o__Lactobacillales;f__Lactobacillaceae;g__Leuconostoc;s__Leuconostoc pseudomesenteroides	g__Leuconostoc	s__Leuconostoc pseudomesenteroides	RS_GCF_014634745.1	f	anaerobe,microaerophile	
Leuconostoc citreum	d__Bacteria;p__Firmicutes;c__Bacilli;o__Lactobacillales;f__Lactobacillaceae;g__Leuconostoc;s__Leuconostoc citreum	g__Leuconostoc	s__Leuconostoc citreum	RS_GCF_004354555.1	f	anaerobe,microaerophile	
Syntrophomonas palmitatica	d__Bacteria;p__Firmicutes_B;c__Syntrophomonadia;o__Syntrophomonadales;f__Syntrophomonadaceae;g__Syntrophomonas_A;s__Syntrophomonas_A palmitatica	g__Syntrophomonas_A	s__Syntrophomonas_A palmitatica	RS_GCF_001311885.1	f	aerobe,anaerobe	
Carnobacterium maltaromaticum	d__Bacteria;p__Firmicutes;c__Bacilli;o__Lactobacillales;f__Aerococcaceae;g__Granulicatella;s__Granulicatella sp001058355	g__Granulicatella	s__Granulicatella sp001058355	GB_GCA_001058355.1	f	aerobe,anaerobe,microaerophile	
Carnobacterium inhibens	d__Bacteria;p__Firmicutes;c__Bacilli;o__Lactobacillales;f__Carnobacteriaceae;g__Carnobacterium_A;s__Carnobacterium_A inhibens	g__Carnobacterium_A	s__Carnobacterium_A inhibens	RS_GCF_000746825.1	f	aerobe,anaerobe,microaerophile	
Jonesia denitrificans	d__Bacteria;p__Actinobacteriota;c__Actinomycetia;o__Actinomycetales;f__Cellulomonadaceae;g__Jonesia;s__Jonesia denitrificans	g__Jonesia	s__Jonesia denitrificans	RS_GCF_000024065.1	t	anaerobe,microaerophile	
Sutterella wadsworthensis	d__Bacteria;p__Proteobacteria;c__Gammaproteobacteria;o__Burkholderiales;f__Burkholderiaceae;g__Sutterella;s__Sutterella wadsworthensis	g__Sutterella	s__Sutterella wadsworthensis	RS_GCF_003315195.1	t	anaerobe,microaerophile	
Alloscardovia omnicolens	d__Bacteria;p__Actinobacteriota;c__Actinomycetia;o__Actinomycetales;f__Bifidobacteriaceae;g__Alloscardovia;s__Alloscardovia omnicolens	g__Alloscardovia	s__Alloscardovia omnicolens	RS_GCF_000420505.1	t	aerobe,anaerobe,facultative anaerobe,microaerophile	
Eremococcus coleocola	d__Bacteria;p__Firmicutes;c__Bacilli;o__Lactobacillales;f__Aerococcaceae;g__Eremococcus;s__Eremococcus coleocola	g__Eremococcus	s__Eremococcus coleocola	RS_GCF_000428865.1	t	anaerobe,facultative anaerobe,microaerophile	
Granulicatella elegans	d__Bacteria;p__Firmicutes;c__Bacilli;o__Lactobacillales;f__Aerococcaceae;g__Granulicatella;s__Granulicatella elegans	g__Granulicatella	s__Granulicatella elegans	RS_GCF_000162475.2	f	anaerobe,microaerophile	
Granulicatella adiacens	d__Bacteria;p__Firmicutes;c__Bacilli;o__Lactobacillales;f__Aerococcaceae;g__Granulicatella;s__Granulicatella adiacens	g__Granulicatella	s__Granulicatella adiacens	RS_GCF_000160675.1	t	aerobe,anaerobe,microaerophile	
Granulicatella balaenopterae	d__Bacteria;p__Firmicutes;c__Bacilli;o__Lactobacillales;f__Aerococcaceae;g__Granulicatella;s__Granulicatella balaenopterae	g__Granulicatella	s__Granulicatella balaenopterae	RS_GCF_900111135.1	f	anaerobe,microaerophile	
Fannyhessea vaginae	d__Bacteria;p__Actinobacteriota;c__Coriobacteriia;o__Coriobacteriales;f__Atopobiaceae;g__Fannyhessea;s__Fannyhessea vaginae	g__Fannyhessea	s__Fannyhessea vaginae	RS_GCF_000159235.2	t	anaerobe,facultative anaerobe	
Sedimenticola selenatireducens	d__Bacteria;p__Proteobacteria;c__Gammaproteobacteria;o__Chromatiales;f__Sedimenticolaceae;g__Sedimenticola;s__Sedimenticola selenatireducens	g__Sedimenticola	s__Sedimenticola selenatireducens	RS_GCF_000428045.1	t	aerobe,anaerobe	
Sterolibacterium denitrificans	d__Bacteria;p__Proteobacteria;c__Gammaproteobacteria;o__Burkholderiales;f__Rhodocyclaceae;g__Sterolibacterium;s__Sterolibacterium denitrificans	g__Sterolibacterium	s__Sterolibacterium denitrificans	RS_GCF_900174485.1	f	aerobe,anaerobe	
Bordetella petrii	d__Bacteria;p__Proteobacteria;c__Gammaproteobacteria;o__Burkholderiales;f__Burkholderiaceae;g__Bordetella_A;s__Bordetella_A petrii	g__Bordetella_A	s__Bordetella_A petrii	RS_GCF_000067205.1	f	aerobe,anaerobe	
Aerococcus urinae	d__Bacteria;p__Firmicutes;c__Bacilli;o__Lactobacillales;f__Aerococcaceae;g__Aerococcus;s__Aerococcus urinae	g__Aerococcus	s__Aerococcus urinae	RS_GCF_001543175.1	f	aerobe,anaerobe,microaerophile	
Aerococcus sanguinicola	d__Bacteria;p__Firmicutes;c__Bacilli;o__Lactobacillales;f__Aerococcaceae;g__Aerococcus;s__Aerococcus sp001813115	g__Aerococcus	s__Aerococcus sp001813115	RS_GCF_008726925.1	f	anaerobe,facultative anaerobe,microaerophile	
Aerococcus viridans	d__Bacteria;p__Firmicutes;c__Bacilli;o__Lactobacillales;f__Aerococcaceae;g__Aerococcus;s__Aerococcus viridans	g__Aerococcus	s__Aerococcus viridans	RS_GCF_001543285.1	t	anaerobe,microaerophile	
Aerococcus christensenii	d__Bacteria;p__Firmicutes;c__Bacilli;o__Lactobacillales;f__Aerococcaceae;g__Aerococcus;s__Aerococcus christensenii	g__Aerococcus	s__Aerococcus christensenii	RS_GCF_001543105.1	f	anaerobe,facultative anaerobe,microaerophile	
Chloroflexus islandicus	d__Bacteria;p__Chloroflexota;c__Chloroflexia;o__Chloroflexales;f__Chloroflexaceae;g__Chloroflexus;s__Chloroflexus islandicus	g__Chloroflexus	s__Chloroflexus islandicus	RS_GCF_001650695.1	f	aerobe,anaerobe	
Campylobacter canadensis	d__Bacteria;p__Campylobacterota;c__Campylobacteria;o__Campylobacterales;f__Campylobacteraceae;g__Campylobacter_E;s__Campylobacter_E canadensis	g__Campylobacter_E	s__Campylobacter_E canadensis	RS_GCF_013177655.1	f	anaerobe,microaerophile	
Campylobacter hyointestinalis	d__Bacteria;p__Campylobacterota;c__Campylobacteria;o__Campylobacterales;f__Campylobacteraceae;g__Campylobacter;s__Campylobacter lawsonii	g__Campylobacter	s__Campylobacter lawsonii	RS_GCF_013372165.1	f	anaerobe,microaerophile	
Campylobacter showae	d__Bacteria;p__Campylobacterota;c__Campylobacteria;o__Campylobacterales;f__Campylobacteraceae;g__Campylobacter_A;s__Campylobacter_A showae	g__Campylobacter_A	s__Campylobacter_A showae	RS_GCF_004803815.1	f	anaerobe,microaerophile	
Campylobacter mucosalis	d__Bacteria;p__Campylobacterota;c__Campylobacteria;o__Campylobacterales;f__Campylobacteraceae;g__Campylobacter_A;s__Campylobacter_A mucosalis	g__Campylobacter_A	s__Campylobacter_A mucosalis	RS_GCF_013372205.1	f	anaerobe,microaerophile	
Campylobacter curvus	d__Bacteria;p__Campylobacterota;c__Campylobacteria;o__Campylobacterales;f__Campylobacteraceae;g__Campylobacter_A;s__Campylobacter_A curvus	g__Campylobacter_A	s__Campylobacter_A curvus	RS_GCF_013372125.1	f	anaerobe,microaerophile	
Campylobacter upsaliensis	d__Bacteria;p__Campylobacterota;c__Campylobacteria;o__Campylobacterales;f__Campylobacteraceae;g__Campylobacter_D;s__Campylobacter_D upsaliensis	g__Campylobacter_D	s__Campylobacter_D upsaliensis	RS_GCF_900637395.1	f	anaerobe,microaerophile	
Campylobacter concisus	d__Bacteria;p__Campylobacterota;c__Campylobacteria;o__Campylobacterales;f__Campylobacteraceae;g__Campylobacter_A;s__Campylobacter_A concisus	g__Campylobacter_A	s__Campylobacter_A concisus	RS_GCF_001298465.1	f	anaerobe,microaerophile	
Campylobacter ureolyticus	d__Bacteria;p__Campylobacterota;c__Campylobacteria;o__Campylobacterales;f__Campylobacteraceae;g__Campylobacter_B;s__Campylobacter_B ureolyticus	g__Campylobacter_B	s__Campylobacter_B ureolyticus	RS_GCF_013372225.1	f	aerobe,anaerobe,microaerophile	
Campylobacter geochelonis	d__Bacteria;p__Campylobacterota;c__Campylobacteria;o__Campylobacterales;f__Campylobacteraceae;g__Campylobacter_B;s__Campylobacter_B geochelonis	g__Campylobacter_B	s__Campylobacter_B geochelonis	RS_GCF_013201685.1	f	anaerobe,microaerophile	
Corynebacterium accolens	d__Bacteria;p__Actinobacteriota;c__Actinomycetia;o__Mycobacteriales;f__Mycobacteriaceae;g__Corynebacterium;s__Corynebacterium accolens	g__Corynebacterium	s__Corynebacterium accolens	RS_GCF_000159115.1	f	aerobe,anaerobe,facultative anaerobe,microaerophile	
Corynebacterium coyleae	d__Bacteria;p__Actinobacteriota;c__Actinomycetia;o__Mycobacteriales;f__Mycobacteriaceae;g__Corynebacterium;s__Corynebacterium coyleae	g__Corynebacterium	s__Corynebacterium coyleae	RS_GCF_900105505.1	f	aerobe,anaerobe,obligate anaerobe,microaerophile	
Corynebacterium amycolatum	d__Bacteria;p__Actinobacteriota;c__Actinomycetia;o__Mycobacteriales;f__Mycobacteriaceae;g__Corynebacterium;s__Corynebacterium amycolatum	g__Corynebacterium	s__Corynebacterium amycolatum	RS_GCF_014335175.1	f	aerobe,anaerobe,obligate aerobe,microaerophile	
Corynebacterium crudilactis	d__Bacteria;p__Actinobacteriota;c__Actinomycetia;o__Mycobacteriales;f__Mycobacteriaceae;g__Corynebacterium;s__Corynebacterium crudilactis	g__Corynebacterium	s__Corynebacterium crudilactis	RS_GCF_001643015.1	f	aerobe,anaerobe	
Corynebacterium frankenforstense	d__Bacteria;p__Actinobacteriota;c__Actinomycetia;o__Mycobacteriales;f__Mycobacteriaceae;g__Corynebacterium;s__Corynebacterium frankenforstense	g__Corynebacterium	s__Corynebacterium frankenforstense	RS_GCF_001941485.1	f	aerobe,anaerobe,microaerophile	
Corynebacterium freiburgense	d__Bacteria;p__Actinobacteriota;c__Actinomycetia;o__Mycobacteriales;f__Mycobacteriaceae;g__Corynebacterium;s__Corynebacterium freiburgense	g__Corynebacterium	s__Corynebacterium freiburgense	RS_GCF_000428805.1	f	anaerobe,microaerophile	
Corynebacterium tuberculostearicum	d__Bacteria;p__Actinobacteriota;c__Actinomycetia;o__Mycobacteriales;f__Mycobacteriaceae;g__Corynebacterium;s__Corynebacterium tuberculostearicum	g__Corynebacterium	s__Corynebacterium tuberculostearicum	RS_GCF_013408445.1	f	aerobe,anaerobe,facultative anaerobe,microaerophile	
Corynebacterium oculi	d__Bacteria;p__Actinobacteriota;c__Actinomycetia;o__Mycobacteriales;f__Mycobacteriaceae;g__Corynebacterium;s__Corynebacterium oculi	g__Corynebacterium	s__Corynebacterium oculi	RS_GCF_001412105.1	f	obligate anaerobe,microaerophile	
Corynebacterium lowii	d__Bacteria;p__Actinobacteriota;c__Actinomycetia;o__Mycobacteriales;f__Mycobacteriaceae;g__Corynebacterium;s__Corynebacterium lowii	g__Corynebacterium	s__Corynebacterium lowii	RS_GCF_001412085.1	f	obligate anaerobe,microaerophile	
Bavariicoccus seileri	d__Bacteria;p__Firmicutes;c__Bacilli;o__Lactobacillales;f__Aerococcaceae;g__Bavariicoccus;s__Bavariicoccus seileri	g__Bavariicoccus	s__Bavariicoccus seileri	RS_GCF_000421665.1	t	aerobe,anaerobe,facultative anaerobe,microaerophile	
Dysgonomonas capnocytophagoides	d__Bacteria;p__Bacteroidota;c__Bacteroidia;o__Bacteroidales;f__Dysgonomonadaceae;g__Dysgonomonas;s__Dysgonomonas capnocytophagoides	g__Dysgonomonas	s__Dysgonomonas capnocytophagoides	RS_GCF_000426485.1	f	aerobe,anaerobe,microaerophile	
Dysgonomonas mossii	d__Bacteria;p__Bacteroidota;c__Bacteroidia;o__Bacteroidales;f__Dysgonomonadaceae;g__Dysgonomonas;s__Dysgonomonas sp900079735	g__Dysgonomonas	s__Dysgonomonas sp900079735	RS_GCF_004569505.1	f	anaerobe,microaerophile	
Dysgonomonas hofstadii	d__Bacteria;p__Bacteroidota;c__Bacteroidia;o__Bacteroidales;f__Dysgonomonadaceae;g__Dysgonomonas;s__Dysgonomonas hofstadii	g__Dysgonomonas	s__Dysgonomonas hofstadii	GB_GCA_001312525.1	f	anaerobe,microaerophile	
Dysgonomonas gadei	d__Bacteria;p__Bacteroidota;c__Bacteroidia;o__Bacteroidales;f__Dysgonomonadaceae;g__Dysgonomonas;s__Dysgonomonas gadei	g__Dysgonomonas	s__Dysgonomonas gadei	RS_GCF_000213555.1	t	anaerobe,microaerophile	
Paucibacter oligotrophus	d__Bacteria;p__Proteobacteria;c__Gammaproteobacteria;o__Burkholderiales;f__Burkholderiaceae;g__Paucibacter_A;s__Paucibacter_A oligotrophus	g__Paucibacter_A	s__Paucibacter_A oligotrophus	RS_GCF_014204525.1	f	aerobe,anaerobe	
Allofustis seminis	d__Bacteria;p__Firmicutes;c__Bacilli;o__Lactobacillales;f__Carnobacteriaceae;g__Allofustis;s__Allofustis seminis	g__Allofustis	s__Allofustis seminis	RS_GCF_000374325.1	t	anaerobe,microaerophile	
Tetragenococcus solitarius	d__Bacteria;p__Firmicutes;c__Bacilli;o__Lactobacillales;f__Enterococcaceae;g__Tetragenococcus;s__Tetragenococcus solitarius	g__Tetragenococcus	s__Tetragenococcus solitarius	RS_GCF_001544195.1	f	anaerobe,microaerophile	
Streptococcus didelphis	d__Bacteria;p__Firmicutes;c__Bacilli;o__Lactobacillales;f__Streptococcaceae;g__Streptococcus;s__Streptococcus didelphis	g__Streptococcus	s__Streptococcus didelphis	RS_GCF_000380005.1	f	aerobe,anaerobe,microaerophile	
Streptococcus gallolyticus	d__Bacteria;p__Firmicutes;c__Bacilli;o__Lactobacillales;f__Streptococcaceae;g__Streptococcus;s__Streptococcus gallolyticus	g__Streptococcus	s__Streptococcus gallolyticus	RS_GCF_002000985.1	f	aerobe,anaerobe,microaerophile	
Streptococcus infantis	d__Bacteria;p__Firmicutes;c__Bacilli;o__Lactobacillales;f__Streptococcaceae;g__Streptococcus;s__Streptococcus infantis	g__Streptococcus	s__Streptococcus infantis	RS_GCF_000187465.1	f	anaerobe,microaerophile	
Streptococcus suis	d__Bacteria;p__Firmicutes;c__Bacilli;o__Lactobacillales;f__Streptococcaceae;g__Streptococcus;s__Streptococcus suis	g__Streptococcus	s__Streptococcus suis	RS_GCF_000294495.1	f	aerobe,anaerobe,microaerophile	
Streptococcus parasanguinis	d__Bacteria;p__Firmicutes;c__Bacilli;o__Lactobacillales;f__Streptococcaceae;g__Streptococcus;s__Streptococcus parasanguinis	g__Streptococcus	s__Streptococcus parasanguinis	RS_GCF_000164675.2	f	anaerobe,microaerophile	
Streptococcus gordonii	d__Bacteria;p__Firmicutes;c__Bacilli;o__Lactobacillales;f__Streptococcaceae;g__Streptococcus;s__Streptococcus gordonii	g__Streptococcus	s__Streptococcus gordonii	RS_GCF_001553855.1	f	anaerobe,microaerophile	
Streptococcus pyogenes	d__Bacteria;p__Firmicutes;c__Bacilli;o__Lactobacillales;f__Streptococcaceae;g__Streptococcus;s__Streptococcus pyogenes	g__Streptococcus	s__Streptococcus pyogenes	RS_GCF_002055535.1	t	aerobe,anaerobe,microaerophile	
Streptococcus pneumoniae	d__Bacteria;p__Firmicutes;c__Bacilli;o__Lactobacillales;f__Streptococcaceae;g__Streptococcus;s__Streptococcus pneumoniae	g__Streptococcus	s__Streptococcus pneumoniae	RS_GCF_001457635.1	f	aerobe,anaerobe,microaerophile	
Streptococcus oralis	d__Bacteria;p__Firmicutes;c__Bacilli;o__Lactobacillales;f__Streptococcaceae;g__Streptococcus;s__Streptococcus oralis	g__Streptococcus	s__Streptococcus oralis	RS_GCF_900637025.1	f	aerobe,anaerobe,microaerophile	
Streptococcus mutans	d__Bacteria;p__Firmicutes;c__Bacilli;o__Lactobacillales;f__Streptococcaceae;g__Streptococcus;s__Streptococcus mutans	g__Streptococcus	s__Streptococcus mutans	RS_GCF_006739205.1	f	aerobe,anaerobe,microaerophile	
Streptococcus mitis	d__Bacteria;p__Firmicutes;c__Bacilli;o__Lactobacillales;f__Streptococcaceae;g__Streptococcus;s__Streptococcus mitis	g__Streptococcus	s__Streptococcus mitis	RS_GCF_000148585.2	f	aerobe,anaerobe,microaerophile	
Streptococcus anginosus	d__Bacteria;p__Firmicutes;c__Bacilli;o__Lactobacillales;f__Streptococcaceae;g__Streptococcus;s__Streptococcus anginosus	g__Streptococcus	s__Streptococcus anginosus	RS_GCF_900636475.1	f	aerobe,facultative anaerobe,anaerobe,obligate anaerobe,microaerophile	
Streptococcus ferus	d__Bacteria;p__Firmicutes;c__Bacilli;o__Lactobacillales;f__Streptococcaceae;g__Streptococcus;s__Streptococcus ferus	g__Streptococcus	s__Streptococcus ferus	RS_GCF_000372425.1	f	anaerobe,microaerophile	
Streptococcus equinus	d__Bacteria;p__Firmicutes;c__Bacilli;o__Lactobacillales;f__Streptococcaceae;g__Streptococcus;s__Streptococcus equinus	g__Streptococcus	s__Streptococcus equinus	RS_GCF_000187265.1	f	anaerobe,microaerophile	
Streptococcus agalactiae	d__Bacteria;p__Firmicutes;c__Bacilli;o__Lactobacillales;f__Streptococcaceae;g__Streptococcus;s__Streptococcus agalactiae	g__Streptococcus	s__Streptococcus agalactiae	RS_GCF_000186445.1	f	aerobe,anaerobe,microaerophile	
Streptococcus pseudopneumoniae	d__Bacteria;p__Firmicutes;c__Bacilli;o__Lactobacillales;f__Streptococcaceae;g__Streptococcus;s__Streptococcus pseudopneumoniae	g__Streptococcus	s__Streptococcus pseudopneumoniae	RS_GCF_002087075.1	f	anaerobe,microaerophile	
Streptococcus massiliensis	d__Bacteria;p__Firmicutes;c__Bacilli;o__Lactobacillales;f__Streptococcaceae;g__Streptococcus;s__Streptococcus massiliensis	g__Streptococcus	s__Streptococcus massiliensis	RS_GCF_000380065.1	f	anaerobe,facultative anaerobe,microaerophile	
Streptococcus castoreus	d__Bacteria;p__Firmicutes;c__Bacilli;o__Lactobacillales;f__Streptococcaceae;g__Streptococcus;s__Streptococcus castoreus	g__Streptococcus	s__Streptococcus castoreus	RS_GCF_000425025.1	f	anaerobe,facultative anaerobe,microaerophile	
Vagococcus elongatus	d__Bacteria;p__Firmicutes;c__Bacilli;o__Lactobacillales;f__Vagococcaceae;g__Vagococcus_A;s__Vagococcus_A elongatus	g__Vagococcus_A	s__Vagococcus_A elongatus	RS_GCF_003987645.1	f	aerobe,anaerobe,microaerophile	
Lactococcus garvieae	d__Bacteria;p__Firmicutes;c__Bacilli;o__Lactobacillales;f__Streptococcaceae;g__Lactococcus;s__Lactococcus garvieae	g__Lactococcus	s__Lactococcus garvieae	RS_GCF_000269925.1	f	anaerobe,microaerophile	
Lactococcus piscium	d__Bacteria;p__Firmicutes;c__Bacilli;o__Lactobacillales;f__Streptococcaceae;g__Lactococcus_A;s__Lactococcus_A piscium	g__Lactococcus_A	s__Lactococcus_A piscium	RS_GCF_002441695.1	f	aerobe,anaerobe	
Bacteroides uniformis	d__Bacteria;p__Bacteroidota;c__Bacteroidia;o__Bacteroidales;f__Bacteroidaceae;g__Bacteroides;s__Bacteroides uniformis	g__Bacteroides	s__Bacteroides uniformis	RS_GCF_000154205.1	f	anaerobe,microaerophile	
Bacteroides cellulosilyticus	d__Bacteria;p__Bacteroidota;c__Bacteroidia;o__Bacteroidales;f__Bacteroidaceae;g__Bacteroides;s__Bacteroides cellulosilyticus	g__Bacteroides	s__Bacteroides cellulosilyticus	RS_GCF_000158035.1	f	anaerobe,obligate anaerobe,microaerophile	
Anaeromyxobacter dehalogenans	d__Bacteria;p__Myxococcota;c__Myxococcia;o__Myxococcales;f__Anaeromyxobacteraceae;g__Anaeromyxobacter;s__Anaeromyxobacter dehalogenans	g__Anaeromyxobacter	s__Anaeromyxobacter dehalogenans	RS_GCF_000022145.1	t	aerobe,anaerobe,microaerophile	
Bowdeniella nasicola	d__Bacteria;p__Actinobacteriota;c__Actinomycetia;o__Actinomycetales;f__Actinomycetaceae;g__Bowdeniella;s__Bowdeniella nasicola	g__Bowdeniella	s__Bowdeniella nasicola	RS_GCF_001907295.1	t	anaerobe,facultative anaerobe,microaerophile	
Parvimonas micra	d__Bacteria;p__Firmicutes_A;c__Clostridia;o__Tissierellales;f__Peptoniphilaceae;g__Parvimonas;s__Parvimonas micra	g__Parvimonas	s__Parvimonas micra	RS_GCF_900637905.1	t	anaerobe,microaerophile	
Leptotrichia buccalis	d__Bacteria;p__Fusobacteriota;c__Fusobacteriia;o__Fusobacteriales;f__Leptotrichiaceae;g__Leptotrichia;s__Leptotrichia buccalis	g__Leptotrichia	s__Leptotrichia buccalis	RS_GCF_000023905.1	t	anaerobe,microaerophile	
Schaalia odontolytica	d__Bacteria;p__Actinobacteriota;c__Actinomycetia;o__Actinomycetales;f__Actinomycetaceae;g__Pauljensenia;s__Pauljensenia odontolytica	g__Pauljensenia	s__Pauljensenia odontolytica	RS_GCF_900445025.1	t	anaerobe,microaerophile	
Schaalia turicensis	d__Bacteria;p__Actinobacteriota;c__Actinomycetia;o__Actinomycetales;f__Actinomycetaceae;g__Pauljensenia;s__Pauljensenia turicensis	g__Pauljensenia	s__Pauljensenia turicensis	RS_GCF_013407865.1	f	anaerobe,microaerophile	
Schaalia meyeri	d__Bacteria;p__Actinobacteriota;c__Actinomycetia;o__Actinomycetales;f__Actinomycetaceae;g__Pauljensenia;s__Pauljensenia meyeri	g__Pauljensenia	s__Pauljensenia meyeri	RS_GCF_900105015.1	f	anaerobe,microaerophile	
Schaalia hyovaginalis	d__Bacteria;p__Actinobacteriota;c__Actinomycetia;o__Actinomycetales;f__Actinomycetaceae;g__Pauljensenia;s__Pauljensenia hyovaginalis	g__Pauljensenia	s__Pauljensenia hyovaginalis	RS_GCF_014208035.1	f	anaerobe,microaerophile	
Schaalia vaccimaxillae	d__Bacteria;p__Actinobacteriota;c__Actinomycetia;o__Actinomycetales;f__Actinomycetaceae;g__Pauljensenia;s__Pauljensenia vaccimaxillae	g__Pauljensenia	s__Pauljensenia vaccimaxillae	RS_GCF_000420425.1	f	anaerobe,facultative anaerobe,microaerophile	
Schaalia cardiffensis	d__Bacteria;p__Actinobacteriota;c__Actinomycetia;o__Actinomycetales;f__Actinomycetaceae;g__Pauljensenia;s__Pauljensenia cardiffensis	g__Pauljensenia	s__Pauljensenia cardiffensis	RS_GCF_000364865.1	f	anaerobe,microaerophile	
Schaalia suimastitidis	d__Bacteria;p__Actinobacteriota;c__Actinomycetia;o__Actinomycetales;f__Actinomycetaceae;g__Pauljensenia;s__Pauljensenia suimastitidis	g__Pauljensenia	s__Pauljensenia suimastitidis	RS_GCF_000429105.1	f	anaerobe,facultative anaerobe,microaerophile	
Schaalia georgiae	d__Bacteria;p__Actinobacteriota;c__Actinomycetia;o__Actinomycetales;f__Actinomycetaceae;g__Pauljensenia;s__Pauljensenia georgiae	g__Pauljensenia	s__Pauljensenia georgiae	RS_GCF_000429245.1	f	anaerobe,facultative anaerobe	
Marinobacter hydrocarbonoclasticus	d__Bacteria;p__Proteobacteria;c__Gammaproteobacteria;o__Pseudomonadales;f__Oleiphilaceae;g__Marinobacter;s__Marinobacter hydrocarbonoclasticus	g__Marinobacter	s__Marinobacter hydrocarbonoclasticus	RS_GCF_000284615.1	t	aerobe,anaerobe	
Peptoniphilus asaccharolyticus	d__Bacteria;p__Firmicutes_A;c__Clostridia;o__Tissierellales;f__Peptoniphilaceae;g__Peptoniphilus;s__Peptoniphilus asaccharolyticus	g__Peptoniphilus	s__Peptoniphilus asaccharolyticus	RS_GCF_900176115.1	t	anaerobe,microaerophile	
Facklamia hominis	d__Bacteria;p__Firmicutes;c__Bacilli;o__Lactobacillales;f__Aerococcaceae;g__Facklamia;s__Facklamia hominis	g__Facklamia	s__Facklamia hominis	RS_GCF_000301035.1	t	aerobe,anaerobe,microaerophile	
Globicatella sulfidifaciens	d__Bacteria;p__Firmicutes;c__Bacilli;o__Lactobacillales;f__Aerococcaceae;g__Globicatella;s__Globicatella sulfidifaciens	g__Globicatella	s__Globicatella sulfidifaciens	RS_GCF_900167405.1	f	anaerobe,facultative anaerobe,microaerophile	
Cellulosimicrobium cellulans	d__Bacteria;p__Actinobacteriota;c__Actinomycetia;o__Actinomycetales;f__Cellulomonadaceae;g__Cellulosimicrobium;s__Cellulosimicrobium cellulans	g__Cellulosimicrobium	s__Cellulosimicrobium cellulans	RS_GCF_006539945.1	t	aerobe,anaerobe,microaerophile	
Tepidiphilus succinatimandens	d__Bacteria;p__Proteobacteria;c__Gammaproteobacteria;o__Burkholderiales;f__Rhodocyclaceae;g__Tepidiphilus;s__Tepidiphilus succinatimandens	g__Tepidiphilus	s__Tepidiphilus succinatimandens	RS_GCF_006503695.1	f	aerobe,anaerobe	
Lacticigenium naphtae	d__Bacteria;p__Firmicutes;c__Bacilli;o__Lactobacillales;f__Carnobacteriaceae;g__Lacticigenium;s__Lacticigenium naphthae	g__Lacticigenium	s__Lacticigenium naphthae	RS_GCF_000425865.1	t	anaerobe,facultative anaerobe	
Oceanivirga salmonicida	d__Bacteria;p__Fusobacteriota;c__Fusobacteriia;o__Fusobacteriales;f__Leptotrichiaceae;g__Oceanivirga;s__Oceanivirga salmonicida	g__Oceanivirga	s__Oceanivirga salmonicida	RS_GCF_001517915.1	t	aerobe,anaerobe,microaerophile	
Eggerthella lenta	d__Bacteria;p__Actinobacteriota;c__Coriobacteriia;o__Coriobacteriales;f__Eggerthellaceae;g__Eggerthella;s__Eggerthella lenta	g__Eggerthella	s__Eggerthella lenta	RS_GCF_000024265.1	t	anaerobe,obligate anaerobe,microaerophile	
Alkaliflexus imshenetskii	d__Bacteria;p__Bacteroidota;c__Bacteroidia;o__Bacteroidales;f__Marinilabiliaceae;g__Alkaliflexus;s__Alkaliflexus imshenetskii	g__Alkaliflexus	s__Alkaliflexus imshenetskii	RS_GCF_000517065.1	t	anaerobe,microaerotolerant	
Rhodospirillum rubrum	d__Bacteria;p__Proteobacteria;c__Alphaproteobacteria;o__Rhodospirillales;f__Rhodospirillaceae;g__Rhodospirillum;s__Rhodospirillum rubrum	g__Rhodospirillum	s__Rhodospirillum rubrum	RS_GCF_000013085.1	t	aerobe,anaerobe	
Acidipropionibacterium virtanenii	d__Bacteria;p__Actinobacteriota;c__Actinomycetia;o__Propionibacteriales;f__Propionibacteriaceae;g__Acidipropionibacterium;s__Acidipropionibacterium virtanenii	g__Acidipropionibacterium	s__Acidipropionibacterium virtanenii	RS_GCF_003325455.1	f	aerobe,anaerobe	
Acidipropionibacterium thoenii	d__Bacteria;p__Actinobacteriota;c__Actinomycetia;o__Propionibacteriales;f__Propionibacteriaceae;g__Acidipropionibacterium;s__Acidipropionibacterium thoenii	g__Acidipropionibacterium	s__Acidipropionibacterium thoenii	RS_GCF_000423445.1	f	anaerobe,microaerophile	
Acidipropionibacterium jensenii	d__Bacteria;p__Actinobacteriota;c__Actinomycetia;o__Propionibacteriales;f__Propionibacteriaceae;g__Acidipropionibacterium;s__Acidipropionibacterium jensenii	g__Acidipropionibacterium	s__Acidipropionibacterium jensenii	RS_GCF_000425285.1	t	aerobe,anaerobe,microaerophile	
Varibaculum cambriense	d__Bacteria;p__Actinobacteriota;c__Actinomycetia;o__Actinomycetales;f__Actinomycetaceae;g__Varibaculum;s__Varibaculum cambriense	g__Varibaculum	s__Varibaculum cambriense	RS_GCF_000420065.1	t	anaerobe,microaerophile	
Arcanobacterium haemolyticum	d__Bacteria;p__Actinobacteriota;c__Actinomycetia;o__Actinomycetales;f__Actinomycetaceae;g__Arcanobacterium;s__Arcanobacterium haemolyticum	g__Arcanobacterium	s__Arcanobacterium haemolyticum	RS_GCF_000092365.1	t	anaerobe,facultative anaerobe,microaerophile	
Lactobacillus paraplantarum	d__Bacteria;p__Firmicutes;c__Bacilli;o__Lactobacillales;f__Lactobacillaceae;g__Lactiplantibacillus;s__Lactiplantibacillus paraplantarum	g__Lactiplantibacillus	s__Lactiplantibacillus paraplantarum	RS_GCF_003641145.1	f	anaerobe,microaerophile	
Lactobacillus herbarum	d__Bacteria;p__Firmicutes;c__Bacilli;o__Lactobacillales;f__Lactobacillaceae;g__Lactiplantibacillus;s__Lactiplantibacillus herbarum	g__Lactiplantibacillus	s__Lactiplantibacillus herbarum	RS_GCF_001039045.1	f	anaerobe,microaerophile	
Acidianus brierleyi	d__Archaea;p__Thermoproteota;c__Thermoproteia;o__Sulfolobales;f__Sulfolobaceae;g__Acidianus_B;s__Acidianus_B brierleyi	g__Acidianus_B	s__Acidianus_B brierleyi	RS_GCF_003201835.2	f	aerobe,anaerobe	
Kangiella sediminilitoris	d__Bacteria;p__Proteobacteria;c__Gammaproteobacteria;o__Enterobacterales;f__Kangiellaceae;g__Kangiella;s__Kangiella sediminilitoris	g__Kangiella	s__Kangiella sediminilitoris	RS_GCF_001708405.1	f	aerobe,anaerobe	
Magnetovibrio blakemorei	d__Bacteria;p__Proteobacteria;c__Alphaproteobacteria;o__Rhodospirillales;f__Magnetovibrionaceae;g__Magnetovibrio;s__Magnetovibrio blakemorei	g__Magnetovibrio	s__Magnetovibrio blakemorei	RS_GCF_001746755.1	t	anaerobe,microaerophile	
Brochothrix thermosphacta	d__Bacteria;p__Firmicutes;c__Bacilli;o__Lactobacillales;f__Listeriaceae;g__Brochothrix;s__Brochothrix thermosphacta	g__Brochothrix	s__Brochothrix thermosphacta	RS_GCF_000620985.1	t	aerobe,anaerobe	
Fastidiosipila sanguinis	d__Bacteria;p__Firmicutes_A;c__Clostridia;o__Saccharofermentanales;f__Fastidiosipilaceae;g__Fastidiosipila;s__Fastidiosipila sanguinis	g__Fastidiosipila	s__Fastidiosipila sanguinis	RS_GCF_002998295.1	t	aerobe,anaerobe,microaerophile	
Trueperella bernardiae	d__Bacteria;p__Actinobacteriota;c__Actinomycetia;o__Actinomycetales;f__Actinomycetaceae;g__Trueperella;s__Trueperella bernardiae	g__Trueperella	s__Trueperella bernardiae	RS_GCF_001469025.1	f	anaerobe,microaerophile	
Trueperella pyogenes	d__Bacteria;p__Actinobacteriota;c__Actinomycetia;o__Actinomycetales;f__Actinomycetaceae;g__Trueperella;s__Trueperella pyogenes	g__Trueperella	s__Trueperella pyogenes	RS_GCF_900460345.1	t	anaerobe,microaerophile	
Celeribacter baekdonensis	d__Bacteria;p__Proteobacteria;c__Alphaproteobacteria;o__Rhodobacterales;f__Rhodobacteraceae;g__Celeribacter;s__Celeribacter baekdonensis	g__Celeribacter	s__Celeribacter baekdonensis	RS_GCF_900102315.1	f	aerobe,anaerobe	
Eggerthia catenaformis	d__Bacteria;p__Firmicutes;c__Bacilli;o__Erysipelotrichales;f__Erysipelatoclostridiaceae;g__Eggerthia;s__Eggerthia catenaformis	g__Eggerthia	s__Eggerthia catenaformis	RS_GCF_000340375.1	t	anaerobe,microaerophile	
Acidovorax soli	d__Bacteria;p__Proteobacteria;c__Gammaproteobacteria;o__Burkholderiales;f__Burkholderiaceae;g__Acidovorax;s__Acidovorax soli	g__Acidovorax	s__Acidovorax soli	RS_GCF_900107605.1	f	aerobe,anaerobe	
Acidovorax defluvii	d__Bacteria;p__Proteobacteria;c__Gammaproteobacteria;o__Burkholderiales;f__Burkholderiaceae;g__Acidovorax;s__Acidovorax defluvii	g__Acidovorax	s__Acidovorax defluvii	GB_GCA_003268905.1	f	aerobe,anaerobe	
Propionibacterium freudenreichii	d__Bacteria;p__Actinobacteriota;c__Actinomycetia;o__Propionibacteriales;f__Propionibacteriaceae;g__Propionibacterium;s__Propionibacterium freudenreichii	g__Propionibacterium	s__Propionibacterium freudenreichii	RS_GCF_000940845.1	t	anaerobe,microaerophile	
Propionibacterium cyclohexanicum	d__Bacteria;p__Actinobacteriota;c__Actinomycetia;o__Propionibacteriales;f__Propionibacteriaceae;g__Propionibacterium;s__Propionibacterium cyclohexanicum	g__Propionibacterium	s__Propionibacterium cyclohexanicum	RS_GCF_900111365.1	f	anaerobe,microaerophile	
Eikenella corrodens	d__Bacteria;p__Proteobacteria;c__Gammaproteobacteria;o__Burkholderiales;f__Neisseriaceae;g__Eikenella;s__Eikenella corrodens	g__Eikenella	s__Eikenella corrodens	RS_GCF_900187105.1	t	anaerobe,microaerophile	
Aeriscardovia aeriphila	d__Bacteria;p__Actinobacteriota;c__Actinomycetia;o__Actinomycetales;f__Bifidobacteriaceae;g__Aeriscardovia;s__Aeriscardovia aeriphila	g__Aeriscardovia	s__Aeriscardovia aeriphila	RS_GCF_002259595.1	t	anaerobe,facultative aerobe	
Gardnerella vaginalis	d__Bacteria;p__Actinobacteriota;c__Actinomycetia;o__Actinomycetales;f__Bifidobacteriaceae;g__Bifidobacterium;s__Bifidobacterium vaginale	g__Bifidobacterium	s__Bifidobacterium vaginale	RS_GCF_001042655.1	t	anaerobe,obligate anaerobe,microaerophile	
Providencia vermicola	d__Bacteria;p__Proteobacteria;c__Gammaproteobacteria;o__Enterobacterales;f__Enterobacteriaceae;g__Providencia;s__Providencia vermicola	g__Providencia	s__Providencia vermicola	RS_GCF_010748935.1	f	aerobe,anaerobe	
Pediococcus acidilactici	d__Bacteria;p__Firmicutes;c__Bacilli;o__Lactobacillales;f__Lactobacillaceae;g__Pediococcus;s__Pediococcus acidilactici	g__Pediococcus	s__Pediococcus acidilactici	RS_GCF_000146325.1	f	anaerobe,microaerophile	
Pediococcus pentosaceus	d__Bacteria;p__Firmicutes;c__Bacilli;o__Lactobacillales;f__Lactobacillaceae;g__Pediococcus;s__Pediococcus pentosaceus	g__Pediococcus	s__Pediococcus pentosaceus	RS_GCF_001437285.1	f	anaerobe,microaerophile	
Pediococcus parvulus	d__Bacteria;p__Firmicutes;c__Bacilli;o__Lactobacillales;f__Lactobacillaceae;g__Pediococcus;s__Pediococcus parvulus	g__Pediococcus	s__Pediococcus parvulus	RS_GCF_007990205.1	f	aerobe,anaerobe,microaerophile	
Pediococcus damnosus	d__Bacteria;p__Firmicutes;c__Bacilli;o__Lactobacillales;f__Lactobacillaceae;g__Pediococcus;s__Pediococcus damnosus	g__Pediococcus	s__Pediococcus damnosus	RS_GCF_001437255.1	t	anaerobe,microaerophile	
Pediococcus stilesii	d__Bacteria;p__Firmicutes;c__Bacilli;o__Lactobacillales;f__Lactobacillaceae;g__Pediococcus;s__Pediococcus stilesii	g__Pediococcus	s__Pediococcus stilesii	RS_GCF_001437075.1	f	aerobe,anaerobe,microaerophile	
Pediococcus inopinatus	d__Bacteria;p__Firmicutes;c__Bacilli;o__Lactobacillales;f__Lactobacillaceae;g__Pediococcus;s__Pediococcus inopinatus	g__Pediococcus	s__Pediococcus inopinatus	RS_GCF_002982135.1	f	aerobe,anaerobe	
Cellulomonas humilata	d__Bacteria;p__Actinobacteriota;c__Actinomycetia;o__Actinomycetales;f__Cellulomonadaceae;g__Cellulomonas;s__Cellulomonas humilata	g__Cellulomonas	s__Cellulomonas humilata	RS_GCF_013359775.1	f	aerobe,anaerobe,microaerophile	
Sulfurimonas gotlandica	d__Bacteria;p__Campylobacterota;c__Campylobacteria;o__Campylobacterales;f__Sulfurimonadaceae;g__Sulfurimonas;s__Sulfurimonas gotlandica	g__Sulfurimonas	s__Sulfurimonas gotlandica	RS_GCF_000242915.1	f	anaerobe,facultative anaerobe	
Actinobaculum massiliense	d__Bacteria;p__Actinobacteriota;c__Actinomycetia;o__Actinomycetales;f__Actinomycetaceae;g__Actinobaculum;s__Actinobaculum massiliense	g__Actinobaculum	s__Actinobaculum massiliense	RS_GCF_001457435.1	f	anaerobe,microaerophile	
Zymomonas mobilis	d__Bacteria;p__Proteobacteria;c__Alphaproteobacteria;o__Sphingomonadales;f__Sphingomonadaceae;g__Zymomonas;s__Zymomonas pomaceae	g__Zymomonas	s__Zymomonas pomaceae	RS_GCF_000218875.1	f	anaerobe,microaerophile	
Alcaligenes aquatilis	d__Bacteria;p__Proteobacteria;c__Gammaproteobacteria;o__Burkholderiales;f__Burkholderiaceae;g__Alcaligenes;s__Alcaligenes aquatilis	g__Alcaligenes	s__Alcaligenes aquatilis	RS_GCF_003076515.1	f	aerobe,anaerobe	
Thiocapsa marina	d__Bacteria;p__Proteobacteria;c__Gammaproteobacteria;o__Chromatiales;f__Chromatiaceae;g__Thiocapsa;s__Thiocapsa marina	g__Thiocapsa	s__Thiocapsa marina	RS_GCF_000223985.1	f	aerobe,anaerobe	
Pseudoruegeria lutimaris	d__Bacteria;p__Proteobacteria;c__Alphaproteobacteria;o__Rhodobacterales;f__Rhodobacteraceae;g__Tropicimonas;s__Tropicimonas lutimaris	g__Tropicimonas	s__Tropicimonas lutimaris	RS_GCF_900099935.1	f	aerobe,anaerobe	
Capnocytophaga canimorsus	d__Bacteria;p__Bacteroidota;c__Bacteroidia;o__Flavobacteriales;f__Flavobacteriaceae;g__Capnocytophaga;s__Capnocytophaga canimorsus	g__Capnocytophaga	s__Capnocytophaga canimorsus	RS_GCF_002302565.1	f	aerobe,anaerobe,microaerophile	
Capnocytophaga sputigena	d__Bacteria;p__Bacteroidota;c__Bacteroidia;o__Flavobacteriales;f__Flavobacteriaceae;g__Capnocytophaga;s__Capnocytophaga sputigena	g__Capnocytophaga	s__Capnocytophaga sputigena	RS_GCF_900446695.1	f	anaerobe,microaerophile	
Capnocytophaga gingivalis	d__Bacteria;p__Bacteroidota;c__Bacteroidia;o__Flavobacteriales;f__Flavobacteriaceae;g__Capnocytophaga;s__Capnocytophaga gingivalis	g__Capnocytophaga	s__Capnocytophaga gingivalis	RS_GCF_000174755.1	f	anaerobe,microaerophile	
Capnocytophaga ochracea	d__Bacteria;p__Bacteroidota;c__Bacteroidia;o__Flavobacteriales;f__Flavobacteriaceae;g__Capnocytophaga;s__Capnocytophaga ochracea	g__Capnocytophaga	s__Capnocytophaga ochracea	RS_GCF_000023285.1	t	anaerobe,microaerophile	
Capnocytophaga leadbetteri	d__Bacteria;p__Bacteroidota;c__Bacteroidia;o__Flavobacteriales;f__Flavobacteriaceae;g__Capnocytophaga;s__Capnocytophaga leadbetteri	g__Capnocytophaga	s__Capnocytophaga leadbetteri	RS_GCF_003054025.1	f	anaerobe,microaerophile	
Aromatoleum toluvorans	d__Bacteria;p__Proteobacteria;c__Gammaproteobacteria;o__Burkholderiales;f__Rhodocyclaceae;g__Aromatoleum;s__Aromatoleum toluvorans	g__Aromatoleum	s__Aromatoleum toluvorans	RS_GCF_012910905.1	f	aerobe,anaerobe	
Aromatoleum buckelii	d__Bacteria;p__Proteobacteria;c__Gammaproteobacteria;o__Burkholderiales;f__Rhodocyclaceae;g__Aromatoleum;s__Aromatoleum buckelii	g__Aromatoleum	s__Aromatoleum buckelii	RS_GCF_012910785.1	f	aerobe,anaerobe	
Aromatoleum evansii	d__Bacteria;p__Proteobacteria;c__Gammaproteobacteria;o__Burkholderiales;f__Rhodocyclaceae;g__Aromatoleum;s__Aromatoleum evansii	g__Aromatoleum	s__Aromatoleum evansii	RS_GCF_012910805.1	f	aerobe,anaerobe	
Arcticibacter svalbardensis	d__Bacteria;p__Bacteroidota;c__Bacteroidia;o__Sphingobacteriales;f__Sphingobacteriaceae;g__Arcticibacter;s__Arcticibacter svalbardensis	g__Arcticibacter	s__Arcticibacter svalbardensis	RS_GCF_000403135.1	t	aerobe,obligate anaerobe	
Petrotoga mexicana	d__Bacteria;p__Thermotogota;c__Thermotogae;o__Petrotogales;f__Petrotogaceae;g__Petrotoga;s__Petrotoga mexicana	g__Petrotoga	s__Petrotoga mexicana	RS_GCF_002895565.1	f	aerobe,anaerobe	
Galliscardovia ingluviei	d__Bacteria;p__Actinobacteriota;c__Actinomycetia;o__Actinomycetales;f__Bifidobacteriaceae;g__Galliscardovia;s__Galliscardovia ingluviei	g__Galliscardovia	s__Galliscardovia ingluviei	RS_GCF_014635685.1	t	anaerobe,microaerophile	
Trichococcus patagoniensis	d__Bacteria;p__Firmicutes;c__Bacilli;o__Lactobacillales;f__Aerococcaceae;g__Trichococcus;s__Trichococcus patagoniensis	g__Trichococcus	s__Trichococcus patagoniensis	RS_GCF_003051085.1	f	aerobe,anaerobe	
Gemella bergeri	d__Bacteria;p__Firmicutes;c__Bacilli;o__Staphylococcales;f__Gemellaceae;g__Gemella;s__Gemella bergeri	g__Gemella	s__Gemella bergeri	RS_GCF_000469465.1	f	anaerobe,microaerophile	
Gemella morbillorum	d__Bacteria;p__Firmicutes;c__Bacilli;o__Staphylococcales;f__Gemellaceae;g__Gemella;s__Gemella morbillorum	g__Gemella	s__Gemella morbillorum	RS_GCF_900476045.1	f	anaerobe,microaerophile	
Gemella haemolysans	d__Bacteria;p__Firmicutes;c__Bacilli;o__Staphylococcales;f__Gemellaceae;g__Gemella;s__Gemella haemolysans	g__Gemella	s__Gemella haemolysans	RS_GCF_000173915.1	t	anaerobe,microaerophile	
Gemella cuniculi	d__Bacteria;p__Firmicutes;c__Bacilli;o__Staphylococcales;f__Gemellaceae;g__Gemella;s__Gemella cuniculi	g__Gemella	s__Gemella cuniculi	RS_GCF_000425665.1	f	anaerobe,microaerophile	
Propionispora hippei	d__Bacteria;p__Firmicutes_C;c__Negativicutes;o__Propionisporales;f__Propionisporaceae;g__Propionispora;s__Propionispora hippei	g__Propionispora	s__Propionispora hippei	RS_GCF_900141835.1	f	aerobe,anaerobe	
Otariodibacter oris	d__Bacteria;p__Proteobacteria;c__Gammaproteobacteria;o__Enterobacterales;f__Pasteurellaceae;g__Otariodibacter;s__Otariodibacter oris	g__Otariodibacter	s__Otariodibacter oris	RS_GCF_009684715.1	t	anaerobe,microaerophile	
Alloiococcus otitis	d__Bacteria;p__Firmicutes;c__Bacilli;o__Lactobacillales;f__Carnobacteriaceae;g__Alloiococcus;s__Alloiococcus otitis	g__Alloiococcus	s__Alloiococcus otitis	RS_GCF_000315445.1	t	aerobe,anaerobe,microaerophile	
Sporolactobacillus laevolacticus	d__Bacteria;p__Firmicutes;c__Bacilli;o__Bacillales_G;f__Sporolactobacillaceae;g__Sporolactobacillus;s__Sporolactobacillus laevolacticus	g__Sporolactobacillus	s__Sporolactobacillus laevolacticus	RS_GCF_000497245.1	f	aerobe,anaerobe,microaerophile	
Sporolactobacillus shoreae	d__Bacteria;p__Firmicutes;c__Bacilli;o__Bacillales_G;f__Sporolactobacillaceae;g__Sporolactobacillus;s__Sporolactobacillus shoreae	g__Sporolactobacillus	s__Sporolactobacillus shoreae	RS_GCF_004684935.1	f	anaerobe,microaerophile	
Thauera aminoaromatica	d__Bacteria;p__Proteobacteria;c__Gammaproteobacteria;o__Burkholderiales;f__Rhodocyclaceae;g__Thauera;s__Thauera aminoaromatica	g__Thauera	s__Thauera aminoaromatica	RS_GCF_000310185.1	f	aerobe,anaerobe	
Thauera chlorobenzoica	d__Bacteria;p__Proteobacteria;c__Gammaproteobacteria;o__Burkholderiales;f__Rhodocyclaceae;g__Thauera;s__Thauera chlorobenzoica	g__Thauera	s__Thauera chlorobenzoica	RS_GCF_001922305.1	f	aerobe,anaerobe	
Thauera phenylacetica	d__Bacteria;p__Proteobacteria;c__Gammaproteobacteria;o__Burkholderiales;f__Rhodocyclaceae;g__Thauera;s__Thauera phenylacetica	g__Thauera	s__Thauera phenylacetica	RS_GCF_000310225.1	f	aerobe,anaerobe	
Thauera terpenica	d__Bacteria;p__Proteobacteria;c__Gammaproteobacteria;o__Burkholderiales;f__Rhodocyclaceae;g__Thauera;s__Thauera terpenica	g__Thauera	s__Thauera terpenica	RS_GCF_000443165.1	f	aerobe,anaerobe	
Thauera aromatica	d__Bacteria;p__Proteobacteria;c__Gammaproteobacteria;o__Burkholderiales;f__Rhodocyclaceae;g__Thauera;s__Thauera aromatica	g__Thauera	s__Thauera aromatica	RS_GCF_003030465.1	f	aerobe,anaerobe,facultative anaerobe	
Brooklawnia cerclae	d__Bacteria;p__Actinobacteriota;c__Actinomycetia;o__Propionibacteriales;f__Propionibacteriaceae;g__Brooklawnia;s__Brooklawnia cerclae	g__Brooklawnia	s__Brooklawnia cerclae	RS_GCF_011758645.1	t	anaerobe,facultative anaerobe,microaerophile	
Lactobacillus reuteri	d__Bacteria;p__Firmicutes;c__Bacilli;o__Lactobacillales;f__Lactobacillaceae;g__Limosilactobacillus;s__Limosilactobacillus reuteri	g__Limosilactobacillus	s__Limosilactobacillus reuteri	RS_GCF_000016825.1	f	anaerobe,microaerophile	
Lactobacillus vaginalis	d__Bacteria;p__Firmicutes;c__Bacilli;o__Lactobacillales;f__Lactobacillaceae;g__Limosilactobacillus;s__Limosilactobacillus vaginalis	g__Limosilactobacillus	s__Limosilactobacillus vaginalis	RS_GCF_000159435.1	f	anaerobe,microaerophile	
Lactobacillus oris	d__Bacteria;p__Firmicutes;c__Bacilli;o__Lactobacillales;f__Lactobacillaceae;g__Limosilactobacillus;s__Limosilactobacillus oris	g__Limosilactobacillus	s__Limosilactobacillus oris	RS_GCF_001434465.1	f	aerobe,anaerobe	
Lactobacillus coleohominis	d__Bacteria;p__Firmicutes;c__Bacilli;o__Lactobacillales;f__Lactobacillaceae;g__Limosilactobacillus;s__Limosilactobacillus coleohominis	g__Limosilactobacillus	s__Limosilactobacillus coleohominis	RS_GCF_000161935.1	f	anaerobe,microaerophile	
Lactobacillus gastricus	d__Bacteria;p__Firmicutes;c__Bacilli;o__Lactobacillales;f__Lactobacillaceae;g__Limosilactobacillus;s__Limosilactobacillus gastricus	g__Limosilactobacillus	s__Limosilactobacillus gastricus	RS_GCF_001434365.1	f	anaerobe,microaerophile	
Lactobacillus antri	d__Bacteria;p__Firmicutes;c__Bacilli;o__Lactobacillales;f__Lactobacillaceae;g__Limosilactobacillus;s__Limosilactobacillus antri	g__Limosilactobacillus	s__Limosilactobacillus antri	RS_GCF_000160835.1	f	anaerobe,microaerophile	
Lactobacillus ingluviei	d__Bacteria;p__Firmicutes;c__Bacilli;o__Lactobacillales;f__Lactobacillaceae;g__Limosilactobacillus;s__Limosilactobacillus ingluviei	g__Limosilactobacillus	s__Limosilactobacillus ingluviei	RS_GCF_001435775.1	f	anaerobe,microaerophile	
Dolosigranulum pigrum	d__Bacteria;p__Firmicutes;c__Bacilli;o__Lactobacillales;f__Carnobacteriaceae;g__Dolosigranulum;s__Dolosigranulum pigrum	g__Dolosigranulum	s__Dolosigranulum pigrum	RS_GCF_000245815.1	t	aerobe,anaerobe,microaerophile	
Rhodovulum steppense	d__Bacteria;p__Proteobacteria;c__Alphaproteobacteria;o__Rhodobacterales;f__Rhodobacteraceae;g__Rhodovulum;s__Rhodovulum steppense	g__Rhodovulum	s__Rhodovulum steppense	RS_GCF_004339675.1	f	aerobe,anaerobe	
Rhodovulum kholense	d__Bacteria;p__Proteobacteria;c__Alphaproteobacteria;o__Rhodobacterales;f__Rhodobacteraceae;g__Rhodovulum;s__Rhodovulum kholense	g__Rhodovulum	s__Rhodovulum kholense	RS_GCF_003053725.1	f	aerobe,facultative anaerobe,obligate anaerobe	
Rhodovulum imhoffii	d__Bacteria;p__Proteobacteria;c__Alphaproteobacteria;o__Rhodobacterales;f__Rhodobacteraceae;g__Rhodovulum;s__Rhodovulum imhoffii	g__Rhodovulum	s__Rhodovulum imhoffii	RS_GCF_003046545.1	f	anaerobe,facultative anaerobe	
Abiotrophia defectiva	d__Bacteria;p__Firmicutes;c__Bacilli;o__Lactobacillales;f__Aerococcaceae;g__Abiotrophia;s__Abiotrophia defectiva	g__Abiotrophia	s__Abiotrophia defectiva	RS_GCF_000160075.2	t	anaerobe,microaerophile	
Saccharibacillus sacchari	d__Bacteria;p__Firmicutes;c__Bacilli;o__Paenibacillales;f__Paenibacillaceae;g__Saccharibacillus;s__Saccharibacillus sacchari	g__Saccharibacillus	s__Saccharibacillus sacchari	RS_GCF_000585395.1	t	anaerobe,facultative anaerobe	
Rhodoblastus sphagnicola	d__Bacteria;p__Proteobacteria;c__Alphaproteobacteria;o__Rhizobiales;f__Beijerinckiaceae;g__Rhodoblastus;s__Rhodoblastus sphagnicola	g__Rhodoblastus	s__Rhodoblastus sphagnicola	RS_GCF_002937075.1	f	anaerobe,microaerophile	
Actinotignum urinale	d__Bacteria;p__Actinobacteriota;c__Actinomycetia;o__Actinomycetales;f__Actinomycetaceae;g__Actinotignum;s__Actinotignum urinale	g__Actinotignum	s__Actinotignum urinale	RS_GCF_000420445.1	f	anaerobe,microaerophile	
Anaerobacillus alkalidiazotrophicus	d__Bacteria;p__Firmicutes;c__Bacilli;o__Bacillales_H;f__Anaerobacillaceae;g__Anaerobacillus;s__Anaerobacillus alkalidiazotrophicus	g__Anaerobacillus	s__Anaerobacillus alkalidiazotrophicus	RS_GCF_001866055.1	f	anaerobe,facultative anaerobe	
Alicycliphilus denitrificans	d__Bacteria;p__Proteobacteria;c__Gammaproteobacteria;o__Burkholderiales;f__Burkholderiaceae;g__Alicycliphilus;s__Alicycliphilus denitrificans	g__Alicycliphilus	s__Alicycliphilus denitrificans	RS_GCF_000204645.1	t	aerobe,anaerobe	
Dechloromonas hortensis	d__Bacteria;p__Proteobacteria;c__Gammaproteobacteria;o__Burkholderiales;f__Rhodocyclaceae;g__Azonexus;s__Azonexus hortensis	g__Azonexus	s__Azonexus hortensis	RS_GCF_009469765.1	f	anaerobe,microaerophile	
Dechloromonas agitata	d__Bacteria;p__Proteobacteria;c__Gammaproteobacteria;o__Burkholderiales;f__Rhodocyclaceae;g__Azonexus;s__Azonexus agitatus	g__Azonexus	s__Azonexus agitatus	RS_GCF_000519045.1	f	aerobe,anaerobe	
Escherichia coli	d__Bacteria;p__Proteobacteria;c__Gammaproteobacteria;o__Enterobacterales;f__Enterobacteriaceae;g__Escherichia;s__Escherichia coli	g__Escherichia	s__Escherichia coli	RS_GCF_003697165.2	t	aerobe,anaerobe,facultative aerobe,microaerophile	
Cutibacterium acnes	d__Bacteria;p__Actinobacteriota;c__Actinomycetia;o__Propionibacteriales;f__Propionibacteriaceae;g__Cutibacterium;s__Cutibacterium acnes	g__Cutibacterium	s__Cutibacterium acnes	RS_GCF_003030305.1	t	anaerobe,aerotolerant,microaerophile	
Cutibacterium avidum	d__Bacteria;p__Actinobacteriota;c__Actinomycetia;o__Propionibacteriales;f__Propionibacteriaceae;g__Cutibacterium;s__Cutibacterium avidum	g__Cutibacterium	s__Cutibacterium avidum	RS_GCF_000227295.1	f	anaerobe,microaerophile	
